file,status,faces,width,height,blur_score
Alvaro_Uribe_0008.jpg,ok,1,250,250,452
Anthony_Mazur_0001.jpg,ok,1,250,250,147
Asa_Hutchinson_0002.jpg,ok,1,250,250,515
Benjamin_Franklin_0001.jpg,multiple_faces,2,250,250,520
Ben_Howland_0002.jpg,ok,1,250,250,90
Billy_Bob_Thornton_0001.jpg,ok,1,250,250,324
Billy_Crystal_0001.jpg,ok,1,250,250,675
Bill_McBride_0005.jpg,ok,1,250,250,451
Bill_Nelson_0002.jpg,ok,1,250,250,313
Bill_Paxton_0002.jpg,ok,1,250,250,116
blurry_1.jpg,no_face,0,678,452,641
blurry_2.jpg,blurry,0,452,678,6
blurry_3.jpg,blurry,1,549,364,49
Bruce_Gebhardt_0001.jpg,blurry,1,250,250,13
Chan_Ho_Park_0001.jpg,ok,1,250,250,145
Cindy_Crawford_0002.jpg,blurry,1,250,250,29
Colin_Powell_0220.jpg,multiple_faces,2,250,250,753
Colin_Powell_0225.jpg,ok,1,250,250,327
Dai_Chul_Chyung_0001.jpg,blurry,1,250,250,39
Dan_Prinster_0001.jpg,ok,1,250,250,238
Dariusz_Michalczewski_0001.jpg,ok,1,250,250,267
Derian_Hatcher_0001.jpg,ok,1,250,250,151
Eva_Marie_Saint_0001.jpg,blurry,1,250,250,31
Evo_Morales_0001.jpg,ok,1,250,250,381
Francois_Botha_0001.jpg,ok,1,250,250,396
Gregory_Geoffroy_0002.jpg,ok,1,250,250,253
group_1.jpg,multiple_faces,11,543,360,1684
group_2.jpg,multiple_faces,6,547,365,989
group_3.jpg,multiple_faces,10,540,360,733
Heinrich_Wolfgang_0001.jpg,ok,1,250,250,80
Hugh_Jessiman_0001.jpg,ok,1,250,250,216
Hugo_Chavez_0070.jpg,ok,1,250,250,937
Ian_Thorpe_0006.jpg,ok,1,250,250,626
Jackie_Chan_0009.jpg,ok,1,250,250,263
Jacques_Chirac_0036.jpg,ok,1,250,250,179
Jane_Fonda_0002.jpg,blurry,1,250,250,41
Jean-Pierre_Raffarin_0007.jpg,multiple_faces,2,250,250,120
Jean_Chretien_0043.jpg,ok,1,250,250,1069
Jerry_Sloan_0001.jpg,ok,1,250,250,202
Jimmy_Iovine_0001.jpg,ok,1,250,250,552
Jim_Thome_0001.jpg,ok,1,250,250,281
John_Connolly_0001.jpg,multiple_faces,2,250,250,66
John_McKay_0001.jpg,ok,1,250,250,308
John_Thune_0001.jpg,ok,1,250,250,177
Jose_Santos_0001.jpg,ok,1,250,250,244
Julianne_Moore_0004.jpg,ok,1,250,250,109
Julien_Varlet_0001.jpg,ok,1,250,250,77
Julius_Erving_0001.jpg,ok,1,250,250,407
Karin_Viard_0001.jpg,ok,1,250,250,151
Lleyton_Hewitt_0003.jpg,ok,1,250,250,524
Lleyton_Hewitt_0013.jpg,ok,1,250,250,145
Lord_Hutton_0001.jpg,ok,1,250,250,1032
Lou_Lang_0001.jpg,ok,1,250,250,182
Lucia_Kenny_Anthony_0001.jpg,ok,1,250,250,154
Mahathir_Mohamad_0005.jpg,ok,1,250,250,675
Mark_Wahlberg_0002.jpg,ok,1,250,250,130
Martina_Hingis_0001.jpg,ok,1,250,250,287
Michael_Phelps_0004.jpg,ok,1,250,250,85
Mike_Tyson_0003.jpg,ok,1,250,250,603
Minnie_Driver_0002.jpg,blurry,1,250,250,48
no_face.jpg,no_face,0,564,354,1693
no_face_2.jpg,no_face,0,738,387,282
Paradorn_Srichaphan_0003.jpg,ok,1,250,250,86
Paul_Bremer_0014.jpg,ok,1,250,250,549
Paul_McCartney_0004.jpg,ok,1,250,250,275
Pedro_Almodovar_0002.jpg,multiple_faces,2,250,250,309
Peter_Arnett_0003.jpg,ok,1,250,250,289
Recep_Tayyip_Erdogan_0015.jpg,ok,1,250,250,324
Ricardo_Lagos_0026.jpg,ok,1,250,250,141
Richard_Myers_0012.jpg,ok,1,250,250,525
Roger_Federer_0011.jpg,ok,1,250,250,457
Roger_Mahony_0001.jpg,ok,1,250,250,514
Roh_Moo-hyun_0029.jpg,ok,1,250,250,98
Ron_Howard_0001.jpg,ok,1,250,250,356
Sally_Field_0003.jpg,ok,1,250,250,62
Saoud_Al_Faisal_0001.jpg,ok,1,250,250,254
Scott_Blum_0001.jpg,ok,1,250,250,606
Sergio_Vieira_De_Mello_0002.jpg,blurry,1,250,250,38
Sheryl_Crow_0008.jpg,ok,1,250,250,921
Sila_Calderon_0002.jpg,ok,1,250,250,598
small_1.jpg,too_small,1,60,60,6697
small_2.jpg,too_small,1,60,60,4712
small_3.jpg,too_small,1,60,60,4744
Stuart_Townsend_0001.jpg,ok,1,250,250,233
Theodore_Tweed_Roosevelt_0001.jpg,ok,1,250,250,59
Toshihiko_Fukui_0003.jpg,blurry,1,250,250,41
Vaclav_Havel_0001.jpg,ok,1,250,250,177
William_Ragland_0001.jpg,ok,1,250,250,644
Yasser_Arafat_0002.jpg,ok,1,250,250,196
Yoriko_Kawaguchi_0003.jpg,ok,1,250,250,319
Yoriko_Kawaguchi_0012.jpg,ok,1,250,250,62
